


CRUD：Create(创建), Retrieve(读取), Update(更新), Delete (删除)

## 6.1 Create
### 语法：
```sql
INSERT [INTO] table_name
    [(column [, column]...)]
    VALUES (value_list) [, (value_list)]...
value_list: value [, value]...
```
#### 案例：
```sql
-- 创建一张学生表
CREATE TABLE students (
    id INT UNSIGNED PRIMARY KEY AUTO_INCREMENT,
    sn INT NOT NULL UNIQUE COMMENT '学号',
    name VARCHAR(20) NOT NULL,
    qq VARCHAR(20)
);
```

### 6.1.1 单行数据 + 全列插入
```sql
-- 插入两条记录，value_list 数量必须和定义表的列的数量及顺序一致
-- 注意，这里在插入的时候，也可以不用指定id(当然，那时候就需要明确插入数据到那些列了)，那么mysql会使用默认的值进行自增。
INSERT INTO students VALUES (100, 10000, '唐三藏', NULL);
Query OK, 1 row affected (0.02 sec)

INSERT INTO students VALUES (101, 10001, '孙悟空', '11111');
Query OK, 1 row affected (0.02 sec)

-- 查看插入结果
SELECT * FROM students;
+-----+------+--------+------+
| id  | sn   | name   | qq   |
+-----+------+--------+------+
| 100 | 10000| 唐三藏 | NULL |
| 101 | 10001| 孙悟空 | 11111|
+-----+------+--------+------+
2 rows in set (0.00 sec)
```

### 6.1.2 多行数据 + 指定列插入
```sql
-- 插入两条记录，value_list 数量必须和指定列数量及顺序一致
INSERT INTO students (id, sn, name) VALUES
    (102, 20001, '曹孟德'),
    (103, 20002, '孙仲谋');
Query OK, 2 rows affected (0.02 sec)
Records: 2  Duplicates: 0  Warnings: 0

-- 查看插入结果
SELECT * FROM students;
+-----+------+--------+------+
| id  | sn   | name   | qq   |
+-----+------+--------+------+
| 100 | 10000| 唐三藏 | NULL |
| 101 | 10001| 孙悟空 | 11111|
| 102 | 20001| 曹孟德 | NULL |
| 103 | 20002| 孙仲谋 | NULL |
+-----+------+--------+------+
4 rows in set (0.00 sec)
```

### 6.1.3 插入否则更新（on duplicate key update）
由于 `主键` 或者 `唯一键` 对应的值已经存在而导致插入失败
```sql
-- 主键冲突
INSERT INTO students (id, sn, name) VALUES (100, 10010, '唐大师');
ERROR 1062 (23000): Duplicate entry '100' for key 'PRIMARY'

-- 唯一键冲突
INSERT INTO students (sn, name) VALUES (20001, '曹阿瞒');
ERROR 1062 (23000): Duplicate entry '20001' for key'sn'
```
可以选择性的进行同步更新操作 语法:
```sql
INSERT... ON DUPLICATE KEY UPDATE
    column = value [, column = value]...
```
```sql
INSERT INTO students (id, sn, name) VALUES (100, 10010, '唐大师')
    ON DUPLICATE KEY UPDATE sn = 10010, name = '唐大师';
Query OK, 2 rows affected (0.47 sec)

-- 0 row affected:    表中有冲突数据，但冲突数据的值和 update 的值相等
-- 1 row affected:    表中没有冲突数据，数据被插入
-- 2 row affected:    表中有冲突数据，并且数据已经被更新

-- 通过 MySQL 函数获取受到影响的数据行数
SELECT ROW_COUNT();
+--------------+
| ROW_COUNT()  |
+--------------+
| 2            |
+--------------+
1 row in set (0.00 sec)

-- ON DUPLICATE KEY 当发生重复key的时候
```

### 6.1.4 替换
```sql
-- 主键 或者 唯一键 没有冲突，则直接插入;
-- 主键 或者 唯一键 如果冲突，则删除后再插入
REPLACE INTO students (sn, name) VALUES (20001, '曹阿瞒');
Query OK, 2 rows affected (0.00 sec)

-- 1 row affected:    表中没有冲突数据，数据被插入
-- 2 row affected:    表中有冲突数据，删除后重新插入
```


这是一份关于SQL中数据查询（Retrieve）操作的教程文档，以下是完整提取的内容：

## 6.2 Retrieve
### 语法:
```sql
SELECT
    [DISTINCT] {* | column [, column]...}
    [FROM table_name]
    [WHERE...]
    [ORDER BY column [ASC | DESC],...]
    [LIMIT...]
```
下面介绍一些案例:
```sql
-- 创建表结构
CREATE TABLE exam_result (
    id INT UNSIGNED PRIMARY KEY AUTO_INCREMENT,
    name VARCHAR(20) NOT NULL COMMENT '同学姓名',
    chinese FLOAT DEFAULT 0.0 COMMENT '语文成绩',
    math FLOAT DEFAULT 0.0 COMMENT '数学成绩',
    english FLOAT DEFAULT 0.0 COMMENT '英语成绩'
);

-- 插入测试数据
INSERT INTO exam_result (name, chinese, math, english) VALUES
    ('唐三藏', 67, 98, 56),
    ('孙悟空', 87, 98, 77),
    ('猪悟能', 88, 78, 69),
    ('曹孟德', 82, 84, 67),
    ('刘玄德', 55, 65, 45),
    ('孙权', 75, 85, 78),
    ('宋公明', 70, 73, 30);
Query OK, 7 rows affected (0.00 sec)
Records: 7  Duplicates: 0  Warnings: 0
```

### 6.2.1 SELECT列
#### 6.2.1.1全列查询
```sql
-- 通常情况下不建议使用 * 进行全列查询
-- 1. 查询的列越多，意味着需要传输的数据量越大；
-- 2. 可能会影响到索引的使用。(索引后面课程讲解)
SELECT * FROM exam_result;
+----+--------+--------+------+--------+
| id | name   | chinese| math | english|
+----+--------+--------+------+--------+
| 1  | 唐三藏 | 67     | 98   | 56     |
| 2  | 孙悟空 | 87     | 98   | 77     |
| 3  | 猪悟能 | 88     | 78   | 69     |
| 4  | 曹孟德 | 82     | 84   | 67     |
| 5  | 刘玄德 | 55     | 65   | 45     |
| 6  | 孙权  | 75     | 85   | 78     |
| 7  | 宋公明 | 70     | 73   | 30     |
+----+--------+--------+------+--------+
7 rows in set (0.00 sec)
```
#### 6.2.1.2指定列查询
```sql
-- 指定列的顺序不需要按定义表的顺序来
SELECT id, name, english FROM exam_result;
+----+--------+--------+
| id | name   | english|
+----+--------+--------+
| 1  | 唐三藏 | 56     |
| 2  | 孙悟空 | 77     |
| 3  | 猪悟能 | 69     |
| 4  | 曹孟德 | 67     |
| 5  | 刘玄德 | 45     |
| 6  | 孙权  | 78     |
| 7  | 宋公明 | 30     |
+----+--------+--------+
7 rows in set (0.00 sec)
```
#### 6.2.1.3查询字段为表达式
```sql
-- 表达式不包含字段
SELECT id, name, 10 FROM exam_result;
+----+--------+------+
| id | name   | 10   |
+----+--------+------+
| 1  | 唐三藏 | 10   |
| 2  | 孙悟空 | 10   |
| 3  | 猪悟能 | 10   |
| 4  | 曹孟德 | 10   |
| 5  | 刘玄德 | 10   |
| 6  | 孙权  | 10   |
| 7  | 宋公明 | 10   |
+----+--------+------+
7 rows in set (0.00 sec)

-- 表达式包含一个字段
SELECT id, name, english + 10 FROM exam_result;
+----+--------+--------------+
| id | name   | english + 10 |
+----+--------+--------------+
| 1  | 唐三藏 | 66           |
| 2  | 孙悟空 | 87           |
| 3  | 猪悟能 | 79           |
| 4  | 曹孟德 | 77           |
| 5  | 刘玄德 | 55           |
| 6  | 孙权  | 88           |
| 7  | 宋公明 | 40           |
+----+--------+--------------+
7 rows in set (0.00 sec)

-- 表达式包含多个字段
SELECT id, name, chinese + math + english FROM exam_result;
+----+--------+---------------------------+
| id | name   | chinese + math + english |
+----+--------+---------------------------+
| 1  | 唐三藏 | 221                       |
| 2  | 孙悟空 | 262                       |
| 3  | 猪悟能 | 235                       |
| 4  | 曹孟德 | 233                       |
| 5  | 刘玄德 | 165                       |
| 6  | 孙权  | 238                       |
| 7  | 宋公明 | 173                       |
+----+--------+---------------------------+
7 rows in set (0.00 sec)
```
#### 6.2.1.4为查询结果指定别名
```sql
-- 语法:
SELECT column [AS] alias_name [... ] FROM table_name;

SELECT id, name, chinese + math + english 总分 FROM exam_result;
+----+--------+--------+
| id | name   | 总分   |
+----+--------+--------+
| 1  | 唐三藏 | 221    |
| 2  | 孙悟空 | 262    |
| 3  | 猪悟能 | 235    |
| 4  | 曹孟德 | 233    |
| 5  | 刘玄德 | 165    |
| 6  | 孙权  | 238    |
| 7  | 宋公明 | 173    |
+----+--------+--------+
7 rows in set (0.00 sec)
```
#### 6.2.1.5结果去重(distinct)
```sql
-- 98 分重复了
SELECT math FROM exam_result;
+------+
| math |
+------+
| 98   |
| 98   |
| 78   |
| 84   |
| 65   |
| 85   |
| 73   |
+------+
7 rows in set (0.00 sec)

-- 去重结果
SELECT DISTINCT math FROM exam_result;
+------+
| math |
+------+
| 98   |
| 78   |
| 84   |
| 65   |
| 85   |
| 73   |
+------+
6 rows in set (0.00 sec)
```

### 6.2.2 WHERE 条件
比较运算符:
|运算符|说明|
|----|----|
|>, >=, <, <=|大于，大于等于，小于，小于等于|
|=|等于，NULL 安全，例如 NULL = NULL 的结果是 NULL|
|<=>|等于，NULL 安全，例如 NULL <=> NULL 的结果是 TRUE(1)|
|!=, <>|不等于|
|BETWEEN a0 AND a1|范围匹配，[a0, a1]，如果 a0 <= value <= a1，返回 TRUE(1)|
|IN (option,...)|如果匹配 option 中的任意一个，返回 TRUE(1)|
|IS NULL|是 NULL|
|IS NOT NULL|不是 NULL|
|LIKE|模糊匹配，% 表示任意多个（包括 0 个）任意字符，_ 表示任意一个字符|

逻辑运算符:
|运算符|说明|
|----|----|
|AND|多个条件必须都为 TRUE(1)，结果才是 TRUE(1)|
|OR|任意一个条件为 TRUE(1)，结果为 TRUE(1)|
|NOT|条件为 TRUE(1)，结果为 FALSE(0)|


#### 6.2.2.1基本比较
```sql
-- 基本比较
SELECT name, english FROM exam_result WHERE english < 60;
+--------+--------+
| name   | english|
+--------+--------+
| 唐三藏 | 56     |
| 刘玄德 | 45     |
| 宋公明 | 30     |
+--------+--------+
3 rows in set (0.00 sec)
```
#### 6.2.2.2 语文成绩在[80, 90] 分的同学及语文成绩
```sql
SELECT name, chinese FROM exam_result WHERE chinese >= 80 AND chinese <= 90;
+--------+--------+
| name   | chinese|
+--------+--------+
| 孙悟空 | 87     |
| 猪悟能 | 88     |
| 曹孟德 | 82     |
+--------+--------+
3 rows in set (0.00 sec)

SELECT name, chinese FROM exam_result WHERE chinese BETWEEN 80 AND 90;
+--------+--------+
| name   | chinese|
+--------+--------+
| 孙悟空 | 87     |
| 猪悟能 | 88     |
| 曹孟德 | 82     |
+--------+--------+
3 rows in set (0.00 sec)
```
#### 6.2.2.3使用`OR`进行条件连接（或者`IN (option,...)`）
```sql
-- 使用OR进行条件连接，数学成绩是58 或者 59 或者 99分的同学及数学成绩
SELECT name, math FROM exam_result 
WHERE math = 58 
OR math = 59 
OR math = 99;
Empty set (0.00 sec)

SELECT name, math FROM exam_result WHERE math IN (58, 59, 99);
Empty set (0.00 sec)
```
#### 6.2.2.4 姓孙的同学（LIKE '孙%'  //// LIKE '孙_'）
```sql
-- 匹配任意多个（包括 0 个）任意字符
SELECT name FROM exam_result WHERE name LIKE '孙%';
+--------+
| name   |
+--------+
| 孙悟空 |
| 孙权   |
+--------+
2 rows in set (0.00 sec)

-- 匹配 1 个任意字符
SELECT name FROM exam_result WHERE name LIKE '孙_';
Empty set (0.00 sec)
```
#### 6.2.2.5语文成绩好于英语成绩的同学
```sql
SELECT name, chinese, english FROM exam_result WHERE chinese > english;
+--------+--------+--------+
| name   | chinese| english|
+--------+--------+--------+
| 唐三藏 | 67     | 56     |
| 孙悟空 | 87     | 77     |
| 猪悟能 | 88     | 69     |
| 曹孟德 | 82     | 67     |
| 刘玄德 | 55     | 45     |
| 宋公明 | 70     | 30     |
+--------+--------+--------+
6 rows in set (0.00 sec)
```
#### 6.2.2.6总分在200分以下的同学
```sql
SELECT name, chinese + math + english 总分 FROM exam_result WHERE chinese + math + english < 200;
+--------+--------+
| name   | 总分   |
+--------+--------+
| 刘玄德 | 165    |
| 宋公明 | 173    |
+--------+--------+
2 rows in set (0.00 sec)
```
>where条件中使用表达式，别名不能作为where条件判断
#### 6.2.2.7语文成绩>80分，并且不姓孙的同学
```sql
SELECT name, chinese FROM exam_result WHERE chinese > 80 AND name NOT LIKE '孙%';
+--------+--------+
| name   | chinese|
+--------+--------+
| 猪悟能 | 88     |
| 曹孟德 | 82     |
+--------+--------+
2 rows in set (0.00 sec)
```
#### 6.2.2.8 孙同学，否则要求 总分>200 并且 语文成绩<数学成绩 并且 英语成绩>80
```sql
SELECT name, chinese, math, english, chinese + math + english 总分 
FROM exam_result 
WHERE (name LIKE '孙%') 
OR (chinese + math + english > 200 AND chinese < math AND english > 80);
+--------+--------+------+--------+--------+
| name   | chinese| math | english| 总分   |
+--------+--------+------+--------+--------+
| 孙悟空 | 87     | 98   | 77     | 262    |
| 孙权   | 75     | 85   | 78     | 238    |
+--------+--------+------+--------+--------+
2 rows in set (0.00 sec)
```
#### 6.2.2.9 NULL 的查询
```sql
-- 查找 QQ 号为空的同学
SELECT name, qq FROM students WHERE qq IS NULL;
+--------+------+
| name   | qq   |
+--------+------+
| 唐三藏 | NULL |
| 曹孟德 | NULL |
+--------+------+
2 rows in set (0.00 sec)

-- NULL 和 NULL 的比较，= 和 <=> 的区别
SELECT NULL = NULL, NULL <=> NULL;
+-------------+--------------+
| NULL = NULL | NULL <=> NULL|
+-------------+--------------+
| NULL        | 1            |
+-------------+--------------+
1 row in set (0.00 sec)

SELECT NULL <> NULL, NULL <=> 1, NULL <> 0;
+--------------+--------------+-------------+
| NULL <> NULL | NULL <=> 1   | NULL <> 0   |
+--------------+--------------+-------------+
| NULL         | 0            | NULL        |
+--------------+--------------+-------------+
1 row in set (0.00 sec)
```

这是一份关于SQL数据库操作中数据查询结果排序和筛选分页的教程文档，同时也涉及到更新（Update）操作的语法简介。以下是完整提取的内容：

### 6.2.3 结果排序
#### 语法:
```sql
-- ASC 为升序 (从小到大)
-- DESC 为降序 (从大到小)
-- 默认 ASC
SELECT... FROM table_name [WHERE...]
    ORDER BY column [ASC|DESC], [...];
```
**注意**: 没有ORDER BY 子句的查询，返回的顺序是未定义的，永远不要依赖这个顺序


#### 6.2.3.1 同学及数学成绩，按数学成绩升序显示
```sql
SELECT name, math FROM exam_result ORDER BY math;
+--------+------+
| name   | math |
+--------+------+
| 宋公明 | 65   |
| 孙权   | 73   |
| 孙悟空 | 78   |
| 猪悟能 | 84   |
| 曹孟德 | 85   |
| 刘玄德 | 98   |
| 唐三藏 | 98   |
+--------+------+
7 rows in set (0.00 sec)
```
#### 6.2.3.2 同学及qq号，按qq号排序显示
```sql
-- NULL 视为比任何值都小，升序出现在最上面
SELECT name, qq FROM students ORDER BY qq;
+--------+------+
| name   | qq   |
+--------+------+
| 唐大师 | NULL |
| 孙仲谋 | NULL |
| 曹阿瞒 | NULL |
| 孙悟空 | 11111|
+--------+------+
4 rows in set (0.00 sec)

-- NULL 视为比任何值都小，降序出现在最下面
SELECT name, qq FROM students ORDER BY qq DESC;
+--------+------+
| name   | qq   |
+--------+------+
| 孙悟空 | 11111|
| 唐大师 | NULL |
| 孙仲谋 | NULL |
| 曹阿瞒 | NULL |
+--------+------+
4 rows in set (0.00 sec)
```
#### 6.2.3.3 查询同学各门成绩，依次按数学降序，英语升序，语文升序的方式显示
```sql
-- 多字段排序，排序优先级随书写顺序
SELECT name, math, english, chinese FROM exam_result
    ORDER BY math DESC, english, chinese;
+--------+------+--------+--------+
| name   | math | english| chinese|
+--------+------+--------+--------+
| 唐三藏 | 98   | 56     | 67     |
| 猪悟能 | 98   | 90     | 88     |
| 刘玄德 | 85   | 45     | 55     |
| 曹孟德 | 84   | 67     | 82     |
| 孙悟空 | 78   | 77     | 87     |
| 孙权   | 73   | 78     | 70     |
| 宋公明 | 65   | 30     | 70     |
+--------+------+--------+--------+
7 rows in set (0.00 sec)
```
#### 6.2.3.4 查询同学及总分，由高到低
```sql
-- ORDER BY 中可以使用表达式
SELECT name, chinese + english + math FROM exam_result
    ORDER BY chinese + english + math DESC;
+--------+---------------------------+
| name   | chinese + english + math |
+--------+---------------------------+
| 猪悟能 | 276                       |
| 孙悟空 | 242                       |
| 曹孟德 | 233                       |
| 唐三藏 | 221                       |
| 孙权   | 221                       |
| 刘玄德 | 185                       |
| 宋公明 | 170                       |
+--------+---------------------------+
7 rows in set (0.00 sec)

-- ORDER BY 子句中可以使用列别名
SELECT name, chinese + english + math 总分 FROM exam_result
    ORDER BY 总分 DESC;
+--------+--------+
| name   | 总分   |
+--------+--------+
| 猪悟能 | 276    |
| 孙悟空 | 242    |
| 曹孟德 | 233    |
| 唐三藏 | 221    |
| 孙权   | 221    |
| 刘玄德 | 185    |
| 宋公明 | 170    |
+--------+--------+
7 rows in set (0.00 sec)
```
>ORDER BY 子句中可以使用列别名
#### 6.2.3.5 查询姓孙的同学或者姓曹的同学数学成绩，结果按数学成绩由高到低显示
```sql
-- 结合 WHERE 子句 和 ORDER BY 子句
SELECT name, math FROM exam_result
    WHERE name LIKE '孙%' OR name LIKE '曹%'
    ORDER BY math DESC;
+--------+------+
| name   | math |
+--------+------+
| 曹孟德 | 84   |
| 孙悟空 | 78   |
| 孙权   | 73   |
+--------+------+
3 rows in set (0.00 sec)
```

### 6.2.4 筛选分页结果
#### 语法:
```sql
-- 起始下标为 0
-- 从 0 开始，筛选 n 条结果
SELECT... FROM table_name [WHERE... ] [ORDER BY... ] LIMIT n;
-- 从 s 开始，筛选 n 条结果
SELECT... FROM table_name [WHERE... ] [ORDER BY... ] LIMIT s, n; 
-- 从 s 开始，筛选 n 条结果，比第二种用法更明确，建议使用
SELECT... FROM table_name [WHERE... ] [ORDER BY... ] LIMIT n OFFSET s; 
```
**建议**: 对未知表进行查询时，最好加一条LIMIT 1，避免因为表中数据过大，查询全表数据导致数据库卡死

#### 按id进行分页，每页3条记录，分别显示第1、2、3页
```sql
-- 第 1 页
SELECT id, name, math, english, chinese FROM exam_result
    ORDER BY id LIMIT 3 OFFSET 0;
+----+--------+------+--------+--------+
| id | name   | math | english| chinese|
+----+--------+------+--------+--------+
| 1  | 唐三藏 | 98   | 56     | 67     |
| 2  | 孙悟空 | 78   | 77     | 87     |
| 3  | 猪悟能 | 98   | 90     | 88     |
+----+--------+------+--------+--------+
3 rows in set (0.02 sec)

-- 第 2 页
SELECT id, name, math, english, chinese FROM exam_result
    ORDER BY id LIMIT 3 OFFSET 3;
+----+--------+------+--------+--------+
| id | name   | math | english| chinese|
+----+--------+------+--------+--------+
| 4  | 曹孟德 | 84   | 67     | 82     |
| 5  | 刘玄德 | 65   | 45     | 55     |
| 6  | 孙权   | 73   | 78     | 70     |
+----+--------+------+--------+--------+
3 rows in set (0.00 sec)

-- 第 3 页，如果结果不足 3 个，不会有影响
SELECT id, name, math, english, chinese FROM exam_result
    ORDER BY id LIMIT 3 OFFSET 6;
+----+--------+------+--------+--------+
| id | name   | math | english| chinese|
+----+--------+------+--------+--------+
| 7  | 宋公明 | 65   | 30     | 70     |
+----+--------+------+--------+--------+
1 row in set (0.00 sec)
```


