# 9. 表的内连和外连

表的连接分为**内连**和**外连**

## 9.1内连接

内连接实际上就是利用`where`子句对两种表形成的笛卡尔积进行筛选，我们前面学习的查询都是内连接，也是在开发过程中使用的最多的连接查询。

语法:

```sql
select 字段 from 表1 inner join 表2 on 连接条件 and 其他条件；
```


案例: 显示SMITH的名字和部门名称

```sql
-- 用前面的写法
select ename, dname from EMP, DEPT where EMP.deptno=DEPT.deptno and ename='SMITH';
-- 用标准的内连接写法
select ename, dname from EMP inner join DEPT on EMP.deptno=DEPT.deptno and ename='SMITH';
```

## 9.2外连接

外连接分为**左外连接**和**右外连接**

### 9.2.1左外连接

如果联合查询，左侧的表完全显示我们就说是左外连接。
语法:

```sql
select 字段名 from 表名1 left join 表名2 on 连接条件
```

案例:

```sql
-- 建两张表
create table stu (id int, name varchar(30)); -- 学生表
insert into stu values(1,'jack'),(2,'tom'),(3,'kity'),(4,'nono');
create table exam (id int, grade int); -- 成绩表
insert into exam values(1, 56),(2,76),(11, 8);
```

· 查询所有学生的成绩，如果这个学生没有成绩，也要将学生的个人信息显示出来
- 当左边表和右边表没有匹配时，也会显示左边表的数据

```sql
select * from stu left join exam on stu.id=exam.id;
```

## 9.2.1右外连接

如果联合查询，右侧的表完全显示我们就说是右外连接。
语法:

```sql
select 字段 from 表名1 right join 表名2 on 连接条件；
```

案例:
- 对stu表和exam表联合查询，把所有的成绩都显示出来，即使这个成绩没有学生与它对应，也要显示出来

```sql
select * from stu right join exam on stu.id=exam.id;
```

执行结果

```sql
mysql> select * from stu;
+------+------+
| id   | name |
+------+------+
|    1 | jack |
|    2 | tom  |
|    3 | kity |
|    4 | nono |
+------+------+
4 rows in set (0.00 sec)

mysql> select * from exam;
+------+-------+
| id   | grade |
+------+-------+
|    1 |    56 |
|    2 |    76 |
|   11 |     8 |
+------+-------+
3 rows in set (0.00 sec)

mysql> select * from stu left join exam on stu.id=exam.id;
+------+------+------+-------+
| id   | name | id   | grade |
+------+------+------+-------+
|    1 | jack |    1 |    56 |
|    2 | tom  |    2 |    76 |
|    3 | kity | NULL |  NULL |
|    4 | nono | NULL |  NULL |
+------+------+------+-------+
4 rows in set (0.00 sec)

mysql> select * from stu right join exam on stu.id=exam.id;
+------+------+------+-------+
| id   | name | id   | grade |
+------+------+------+-------+
|    1 | jack |    1 |    56 |
|    2 | tom  |    2 |    76 |
| NULL | NULL |   11 |     8 |
+------+------+------+-------+
3 rows in set (0.00 sec)
```

练习:
列出部门名称和这些部门的员工信息，同时列出没有员工的部门
- 方法一：

```sql
select d.dname, e.* from dept d left join emp e on d.deptno=e.deptno;
```

- 方法二：

```sql
select d.dname, e.* from emp e right join dept d on d.deptno=e.deptno;
```


